投稿日時UTC,形式,投稿ID,到達,閲覧,保存,シェア,いいね,コメント,冒頭3秒離脱率,平均視聴秒,冒頭の一文,URL,型タグ
2025-11-29T14:00:43,リール,18122234731523022,208,219,0,0,3,0,0.888,2.43,待っていても「減税」は来ない！？😱,https://www.instagram.com/reel/DRpJdMZEnIG/,
2025-12-07T00:54:50,リール,18063997358188598,125,138,0,0,0,0,0.897,2.09,🚲 1.5兆円あれば、日本の道路はもっと安全だったかも？,https://www.instagram.com/reel/DR8V2fHkkWX/,
2025-12-19T13:52:47,リール,18318325084218180,26,30,0,0,0,0,0.76,8.16,【徹底比較】減税 vs 2.1兆円の政策、どっちが賢い？📊,https://www.instagram.com/reel/DScocX2kowD/,
2025-12-25T11:00:50,リール,18091963063939428,104,111,0,0,0,0,0.883,3.16,劇薬の賞味期限が、ついに切れました。📉💣,https://www.instagram.com/reel/DSrxjFvEuGb/,
2026-08-20T05:46:18,カルーセル,17937186708097542,3,7,0,0,2,0,,,食品の消費税が8%→1%に。2年間限定の減税ですが、財源はまだ決まっていません😥,https://www.instagram.com/p/DcQCdjaoL7C/,
2026-08-21T06:52:53,カルーセル,17967557037140121,1,3,0,0,1,0,,,「プライマリーバランス28年ぶり黒字化」──明るいニュースに見えますが、数字の裏側も見てみましょう🔍,https://www.instagram.com/p/DcSu0O2G6YS/,
2026-08-24T06:34:17,カルーセル,18103588454235570,3,7,0,0,1,0,,,長期金利が一時2.930%まで上昇。1996年9月以来、実に30年ぶりの高水準です📈,https://www.instagram.com/p/Dcabe0poFuo/,
2026-08-26T10:46:57,カルーセル,18092894291552436,4,17,0,0,0,0,,,最低賃金の来年度目安は、全国加重平均で1176円。現行の1121円から55円（4.9%増）の引き上げです📈,https://www.instagram.com/p/DcgB_U3CVNG/,
2026-08-30T12:47:37,カルーセル,18068601353565658,2,10,0,0,0,0,,,来年度予算の国債費が、過去最大の36兆6386億円に。前年度から5兆3628億円も増えました💸,https://www.instagram.com/p/Dcqi-kLExT3/,
2026-09-02T10:43:29,カルーセル,18091715609124256,2,4,0,0,0,0,,,来年度（2027年度）予算の概算要求が、過去最大の143兆円前後に膨らみました。前年度から約20兆円の増加です。,https://www.instagram.com/p/DcyDKCPidg6/,
2026-09-06T12:31:29,カルーセル,18026157341919823,3,8,0,0,0,0,,,2026年7月21日、政府は「骨太方針2026」を閣議決定しました。,https://www.instagram.com/p/Dc8isScH5_K/,
2026-09-10T01:42:28,カルーセル,17990226957032721,3,7,0,0,0,0,,,2026年度の国民年金（老齢基礎年金・満額）は、月70,608円になりました。,https://www.instagram.com/p/DdFrmcYE8P6/,
2026-09-14T07:04:39,カルーセル,17880571638527204,2,3,0,0,0,0,,,2026年度補正予算（3兆1135億円）が、2026年6月5日に成立しました。,https://www.instagram.com/p/DdQjp2hlOUv/,
2026-09-16T12:32:33,カルーセル,18114388444955264,2,7,0,0,0,0,,,防衛費増額の財源として、増税がすでに始まっているのをご存じですか。,https://www.instagram.com/p/DdWSxMKCfJB/,
2026-09-20T09:56:42,カルーセル,18076232009528569,2,6,0,0,0,0,,,飲食料品の消費税が、2027年4月から2年間限定で8%から1%へ引き下げられる方針が、税制改正大綱として閣議決定されたのをご存じですか。,https://www.instagram.com/p/DdgUHNmIPcu/,
2026-09-23T10:22:00,カルーセル,18111787202024614,2,6,0,0,0,0,,,最低賃金の来年度（2026年度）の全国加重平均が、1,177円に確定しました。,https://www.instagram.com/p/DdoFZtTicmu/,
2026-09-28T07:13:39,カルーセル,18099004616073633,3,6,0,0,0,0,,,「国の借金」が、また過去最大を更新しました。,https://www.instagram.com/p/Dd0nzxvE9M9/,
2026-10-04T06:43:26,リール,17918227692450670,3,7,0,0,0,0,0.333,20.37,来月の電気・ガス代、黙って上がります。,https://www.instagram.com/reel/DeEBFPgDlme/,
